id;app_date;notes
1;2022-12-26T10:31:40;superstructure cultivate Baby
2;2022-12-25T23:39:32;leverage Factors bricks-and-clicks
3;2022-12-26T11:30:05;demand-driven exuding
4;2022-12-26T15:47:25;relationships
5;2022-12-26T17:55:58;Buckinghamshire time-frame synthesize
6;2022-12-26T14:13:38;Computer monetize Industrial
7;2022-12-26T08:55:53;neural seamless Investment
8;2022-12-26T07:05:35;black bandwidth content-based
9;2022-12-26T04:56:40;Mobility Nevada
10;2022-12-26T12:42:26;Fresh lime partnerships
