id;full_name;mobile_no;email;phone_number
1;reciprocal withdrawal;synthesize compressing;Orlando_Mayert41@yahoo.com;disintermediate plug-and-play envisioneer
2;Coordinator world-class Adaptive;capacitor hard;Godfrey_Von78@gmail.com;Kids compressing
3;quantify virtual;Security quantify uniform;Hunter_Mertz@yahoo.com;Customer-focused
4;Associate Taiwan;Mouse;Nettie.Kovacek@yahoo.com;online
5;index;transitional Multi-layered Hryvnia;Dalton83@gmail.com;Mountain
6;haptic;Via;Sylvester22@hotmail.com;bandwidth Wisconsin
7;overriding migration Plastic;Electronics;Turner35@gmail.com;Ball client-driven
8;distributed Avon reboot;withdrawal Wooden;Vivianne_Heathcote86@hotmail.com;Executive invoice
9;Nauru;Branding Soap;Alisa.Ratke92@gmail.com;Berkshire SQL Fresh
10;viral bandwidth expedite;cohesive efficient;Reilly.Mills@gmail.com;Fresh Interactions
