id;name;email;phone;mobile_pone
1;Croatian Springs Cambridgeshire;Stanford_Quitzon79@yahoo.com;946.231.7378;auxiliary
2;Forint;Liliana.Conroy60@gmail.com;979-516-1431 x29798;input Bedfordshire
3;Salad payment;Boyd_Schumm79@yahoo.com;454.342.3425 x1046;Steel
4;Tuvalu Officer Ball;Chandler23@hotmail.com;1-714-225-0193 x213;optical
5;navigating Card;Shannon85@hotmail.com;(975) 231-3627 x22690;adapter
6;Steel Tools;Lelah.Cremin54@hotmail.com;(209) 373-7885 x2976;Mouse Forward
7;Health invoice Lesotho;Damian69@hotmail.com;602-273-0013 x18380;Car Austria USB
8;Cambridgeshire Cambridgeshire bleeding-edge;Dalton36@yahoo.com;1-964-388-7572 x386;engage Regional
9;Aruban Pound Chicken;Antwan.Hyatt81@yahoo.com;301.316.4740;Berkshire
10;Oklahoma auxiliary;Lenna.Cartwright@yahoo.com;(971) 760-9852 x3822;morph
